	Trait	TrainSet	ValidSet	Model	Test_Accuracy	Valid_Accuracy	mae	Runtime
0	smut	[2, 3, 4, 5]	[1]	MultiLevelAttention	0.19513782146082384	0.05340843123152074	4.4156876	0.18333333333333332
